a2,c4,c6,c7,c8,c9,c10,c11,c13,c152,c162,c172,c30a,d30a,d30b,d2
Southeast,,Yes,3,40,3,No,,,No,,,1,1,1,194954000000
Mekong River Delta,,Yes,1,1,,No,,,No,,,0,0,0,539750000
"Northern Central region, the Central Coast, Central Highlands",1,Yes,2,120,,Yes,10,3,Yes,5,3,3,2,2,25000000000
"Northern Central region, the Central Coast, Central Highlands",,Yes,0,,,Yes,1,,No,,,0,1,1,112000000000
Mekong River Delta,,No,,,,Yes,2,,No,,,0,0,0,16897000000
Mekong River Delta,,No,,,,Yes,5,,No,,,0,0,0,1144286000000
"Northern Central region, the Central Coast, Central Highlands",,Yes,0,,5,No,,,No,,,1,1,0,90000000000
Southeast,,Yes,1,2,,Yes,1,,No,,,0,0,0,29963327000
"Northern Central region, the Central Coast, Central Highlands",,Yes,0,,,No,,,No,,,0,2,1,40000000000
Red River Delta,,No,,,,No,,,No,,,1,3,0,6000000000
Southeast,,No,,,,No,,,No,,,1,1,1,90030989000
Southeast,,No,,,,No,,,No,,,3,1,1,169067079000
"Northern Central region, the Central Coast, Central Highlands",,Yes,2,,,No,,,No,,,1,0,0,
Mekong River Delta,,Yes,1,240,,No,,,No,,,0,0,0,417857000
Mekong River Delta,,Yes,3,480,,No,,,No,,,1,1,0,5993000000
Mekong River Delta,,No,,,,No,,,No,,,1,1,0,904605000000
Mekong River Delta,,Yes,1,300,,No,,,No,,,4,1,1,714012486000
Mekong River Delta,,No,,,,Yes,5,,No,,,0,1,0,416580000000
Mekong River Delta,,Yes,3,259,,No,,,No,,,1,1,2,423299588000
Mekong River Delta,,Yes,1,240,,No,,,No,,,3,1,1,140592000000
Red River Delta,,Yes,,,5,No,,,No,,,0,0,,22516650000
Southeast,,No,,,,No,,,No,,,0,3,3,48800790000
Southeast,,Yes,1,120,,No,,,No,,,0,0,0,33438000000
Southeast,,Yes,2,10,,Yes,1,,No,,,0,0,0,414220848000
Southeast,,No,,,,No,,,No,,,0,0,0,317152303000
Southeast,,Yes,2,,,No,,,No,,,0,1,1,503704000000
Red River Delta,,No,,,,Yes,100,,No,,,0,0,0,46000000000
Red River Delta,,Yes,3,370,5,Yes,10,,No,,,3,1,,526054000000
Mekong River Delta,,Yes,6,105,,No,,,Yes,5,1,1,1,1,3350314000000
Southeast,,Yes,2,5,,Yes,2,,No,,,0,1,0,23681611000
"Northern Central region, the Central Coast, Central Highlands",,Yes,1,30,1,Yes,10,,No,,,1,1,1,5000000000
Southeast,,Yes,1,1,1,Yes,1,,No,,,3,1,1,108135790000
Mekong River Delta,,Yes,2,240,,Yes,60,,No,,,0,0,0,2678788000000
Red River Delta,,Yes,2,150,,No,,,No,,,1,0,0,14296517000
Southeast,,Yes,1,630,,No,,,No,,,1,2,0,6711948000
Mekong River Delta,,No,,,,No,,,No,,,3,2,0,2353000000
Southeast,,No,,,,No,,,No,,,0,0,0,61439435000
Mekong River Delta,,Yes,3,105,,No,,,No,,,0,0,0,2300000000
Southeast,,No,,,,No,,,No,,,3,2,2,17298434000000
Red River Delta,15,Yes,2,30,,Yes,20,,No,,,4,0,0,
Southeast,,Yes,,,10,Yes,5,,No,,,3,1,1,126560997000
Mekong River Delta,30,Yes,1,180,,No,,10,No,,,1,0,0,17000000000
Southeast,,No,,,,No,,,No,,,0,0,0,79674281000
Mekong River Delta,,Yes,3,480,,No,,,No,,,3,1,0,1671000000
Red River Delta,,No,,,,Yes,5,,No,,,3,4,4,5000000000
Southeast,,No,,,,No,,,No,,,3,3,0,28493587000
Southeast,,Yes,1,300,,No,,,No,,,1,0,0,50423703000
Red River Delta,2,Yes,0,,,No,,,No,,,0,0,0,5000000000
Red River Delta,,Yes,,,,No,,,No,,,0,2,0,40000000000
Red River Delta,,No,,,,No,,,No,,,3,3,4,320457567000
"Northern Central region, the Central Coast, Central Highlands",60,Yes,1,300,1,Yes,5,30,No,,,3,2,2,5000000000
Red River Delta,,Yes,1,20,,No,,,No,,,1,0,0,9802511000
Southeast,,No,,,,No,,,No,,,0,0,0,8418155000
Mekong River Delta,,Yes,2,1,,No,,,No,,,1,3,1,22841000000
Mekong River Delta,,No,,,,No,,,No,,,3,2,3,7447000000
Mekong River Delta,,Yes,2,120,,No,,,No,,,0,3,0,10308000000
Southeast,,No,,,,No,,,No,,,0,0,0,66078792000
Southeast,,No,,,,No,,,No,,,0,0,0,44000758000
Southeast,,Yes,1,120,,No,,,No,,,1,0,0,4278986000000
Mekong River Delta,,No,,,,No,,,No,,,0,0,0,298447000000
Southeast,,No,,,,No,,,No,,,0,0,0,9283558000
"Northern Central region, the Central Coast, Central Highlands",,No,,,,Yes,,,No,,,1,2,2,363860025000
Mekong River Delta,,Yes,3,120,,No,,,No,,,1,1,0,92372000
Southeast,,No,,,,Yes,4,,No,,,3,0,0,32456243000
Mekong River Delta,,Yes,1,150,,No,,,No,,,4,2,1,11196000000
Mekong River Delta,,No,,,,No,,,No,,,0,0,0,17354000000
Southeast,,No,,,,No,,,No,,,0,0,0,23168563000
Red River Delta,,Yes,1,600,5,Yes,3,,No,,,2,0,0,50000000000
Red River Delta,,Yes,0,,1,No,,,No,,,4,3,3,88000000000
Red River Delta,,No,,,,No,,,No,,,1,0,0,11000000000
Southeast,,No,,,,No,,,No,,,0,0,2,44561970000
Southeast,,No,,,,No,,3,No,,,0,0,0,25333412000
Red River Delta,,Yes,2,60,,No,,,No,,,0,0,0,76692000000
Red River Delta,,Yes,0,,,No,,,Yes,0,,3,2,0,2000000000
Southeast,,No,,,,Yes,5,,No,,,0,0,0,1138943784000
Red River Delta,,No,,,,No,,,No,,,3,0,0,34252259000
Red River Delta,,No,,,,No,,,No,,,3,2,0,4000000000
Mekong River Delta,4,No,,,,No,,5,No,,,3,3,3,47547000000
Mekong River Delta,,No,,,,No,,,No,,,0,1,0,7274000000
Mekong River Delta,,Yes,1,480,0,Yes,100,,Yes,9,3,3,2,2,45830000000
Mekong River Delta,,No,,,,No,,,No,,,1,1,1,110100000
Southeast,,No,,,,No,,,No,,,3,0,0,55501257000
Red River Delta,,No,,,,No,,,No,,,2,3,1,24690182000
Southeast,,No,,,,No,,,No,,,0,0,0,41502961000
Mekong River Delta,,Yes,3,180,10,No,,,No,,,1,0,0,769000000
Southeast,,No,,,,No,,,No,,,1,0,0,6772946000
"Northern Central region, the Central Coast, Central Highlands",,No,,,,No,,,No,,,0,0,0,19549884000
Southeast,,No,,,,No,,,No,,,0,0,0,733000000
Southeast,,No,,,,No,,,No,,,4,3,3,931178756000
Southeast,,No,,,,Yes,10,,No,,,2,1,1,10726338000
Red River Delta,,Yes,0,,,Yes,5,,No,,,4,2,0,50000000000
Red River Delta,15,Yes,1,480,,No,,,No,,,4,2,2,110487368000
Southeast,,Yes,,,,No,,,No,,,2,0,0,5154000000
Southeast,,No,,,,No,,,No,,,0,0,0,716538000
Red River Delta,,Yes,2,301,,No,,,No,,,3,2,2,64839062000
Southeast,,No,,,,No,,,No,,,0,0,0,411087462000
Southeast,,Yes,,,1,Yes,1,7,Yes,2,1,3,2,1,7865762000000
Southeast,,Yes,3,300,,No,,,No,,,3,2,,22819000000
Southeast,,Yes,1,50,,Yes,15,,No,,,0,0,0,72485432000
Southeast,,Yes,1,510,,No,,,No,,,0,0,0,12832079000
Southeast,,Yes,1,5,,Yes,2,,No,,,0,0,0,11820723000
Southeast,,No,,,,No,,,No,,,0,0,0,166322566000
Southeast,,Yes,,,,Yes,1,,No,,,2,2,1,71577723000
Red River Delta,,No,,,,No,,,No,,,0,1,,60000000000
Southeast,,No,,,,No,,1,No,,,0,0,0,1850000000
Mekong River Delta,,No,,,,No,,,No,,,3,3,3,119633000000
Red River Delta,,No,,,,Yes,30,,No,,,0,0,0,10000000000
Southeast,,No,,,,Yes,1,,No,,,3,1,1,231499245000
Southeast,,Yes,3,10,,Yes,3,,No,,,0,0,0,1327686802000
Southeast,,Yes,1,90,,Yes,20,,No,,,0,0,0,27863957000
Red River Delta,,Yes,2,240,,Yes,90,,No,,,1,1,1,284384000000
Red River Delta,,Yes,2,180,,No,,3,Yes,2,4,4,1,0,6084413000
Southeast,,Yes,1,90,1,No,,,No,,,2,0,0,8802567000
"Northern Central region, the Central Coast, Central Highlands",,Yes,2,,5,No,,,No,,,2,2,2,15000000000
Southeast,,No,,,,No,,,No,,,0,0,0,62008249000
Mekong River Delta,,No,,,,No,,,No,,,2,2,1,35915528000
Southeast,,Yes,2,1,,Yes,3,,No,,,0,0,0,113453279000
Southeast,,Yes,1,60,,Yes,80,,No,,,3,3,3,679272000000
Southeast,,Yes,1,5,,Yes,1,,No,,,0,1,0,1103000000
Southeast,,Yes,1,5,,Yes,1,,No,,,0,2,0,317935944000
Southeast,,No,,,,No,,,No,,,3,1,2,1025630000
Southeast,,Yes,1,60,1,Yes,1,,No,,,3,3,2,707381648000
Southeast,,Yes,2,60,,No,,,No,,,3,3,3,474608000000
Southeast,,Yes,,,,No,,,No,,,1,1,1,731948000
Southeast,,Yes,,,,Yes,2,5,No,,,3,3,0,502825456000
Southeast,,No,,,,No,,,No,,,0,1,1,133002502000
"Northern Central region, the Central Coast, Central Highlands",,No,,,,No,,,No,,,3,1,2,12763443000
Red River Delta,,Yes,2,630,,,,,No,,,3,2,3,22914500000
Mekong River Delta,,No,,,,Yes,35,,No,,,0,0,0,55016000000
Red River Delta,,Yes,3,240,0,Yes,,,No,,,0,0,0,183708000000
Red River Delta,,Yes,0,,,Yes,10,,No,,,1,2,1,35000000000
Southeast,,No,,,,No,,,No,,,0,0,0,140870764000
Red River Delta,,No,,,,Yes,,,No,,,2,0,0,428695053000
"Northern Central region, the Central Coast, Central Highlands",,Yes,1,120,,Yes,5,,No,,,0,0,1,29693423000
Southeast,,No,,,,No,,,No,,,4,1,0,46259922000
Southeast,,Yes,2,5,,Yes,2,,No,,,0,0,0,52220965000
Red River Delta,,Yes,0,,,Yes,30,,No,,,0,3,3,60000000000
Red River Delta,,Yes,2,,,No,,,No,,,0,0,0,169750000000
Southeast,,Yes,6,150,12,No,,,No,,,2,1,0,2171139000
Southeast,,Yes,1,240,,Yes,2,,No,,,0,2,2,1393000000
Southeast,,No,,,,No,,,No,,,3,1,0,13541235000
Southeast,,Yes,2,5,,Yes,2,,No,,,0,1,0,143766565000
Mekong River Delta,,Yes,1,240,,No,,,No,,,1,1,1,339751000000
Southeast,,Yes,1,145,5,No,,,No,,,4,2,0,6725152000
Red River Delta,,Yes,1,740,,,,,No,,,3,1,2,129998000000
Mekong River Delta,,No,,,,No,,,No,,,1,1,0,4160000000
Southeast,,Yes,1,6,,Yes,3,,No,,,0,0,0,100200052000
Mekong River Delta,,Yes,1,181,,No,,,No,,,2,0,0,22342000000
Southeast,,Yes,3,30,5,No,,,No,,,0,0,0,371720000
Southeast,,Yes,2,10,,Yes,1,,No,,,0,0,0,132706549000
Mekong River Delta,,No,,,,No,,,No,,,4,3,2,23345000000
Mekong River Delta,,Yes,2,270,1,Yes,,,Yes,10,,1,0,0,1503764000000
Southeast,,Yes,1,240,,No,,,No,,,0,2,2,30525000000
Mekong River Delta,,No,,,,No,,,No,,,0,0,0,280848000000
Southeast,,Yes,1,5,,Yes,1,,No,,,0,1,0,80708171000
Southeast,,Yes,1,180,,No,,,No,,,0,0,0,4652472000
Mekong River Delta,,No,,,,No,,,No,,,0,0,0,232636000
Southeast,,Yes,1,5,,Yes,1,,No,,,0,1,0,3114118000
Mekong River Delta,,No,,,,No,,,No,,,0,0,0,101117000000
Southeast,,Yes,1,5,,Yes,2,,No,,,0,1,0,93515439000
Mekong River Delta,,Yes,1,300,,No,,,No,,,1,1,1,14800000000
Red River Delta,,No,,,,No,,,No,,,4,3,0,17469137000
Mekong River Delta,,No,,,,No,,,No,,,0,0,0,1152000000
Southeast,,Yes,1,270,12,No,,,No,,,3,0,0,83286324000
Southeast,,No,,,,No,,,No,,,0,0,0,76634452000
Red River Delta,,Yes,2,150,,No,,,No,,,1,1,1,38840000000
Mekong River Delta,,No,,,,No,,,No,,,0,0,0,520000000
Southeast,,Yes,1,1440,20,No,,,No,,,3,2,0,10173061000
Southeast,,Yes,4,50,10,No,,,No,,,3,1,1,5006282000
Mekong River Delta,,No,,,,No,,,No,,,0,0,0,36900000000
Mekong River Delta,,Yes,1,1,,No,,,No,,,3,1,0,246867036000
Southeast,,Yes,1,490,,No,,,No,,,1,1,0,45345994000
Mekong River Delta,,No,,,,Yes,,,No,,,0,0,1,23599000000
Southeast,,Yes,1,60,1,No,,,No,,,3,2,0,80528344000
Mekong River Delta,,No,,,,No,,,No,,,3,3,,5000000000
Southeast,,Yes,0,,,No,,,No,,,1,1,1,28000000000
Red River Delta,,Yes,1,360,1,No,,,No,,,3,1,0,14000000000
Mekong River Delta,,No,,,,No,,,No,,,1,1,0,61841000000
Southeast,,No,,,,No,,,No,,,0,0,0,3898000000
Southeast,,Yes,1,45,,Yes,1,,No,,,1,3,1,140342252000
Southeast,,Yes,1,15,,No,,1,No,,,0,0,0,5328724000
Red River Delta,,Yes,3,150,,Yes,100,,No,,,0,3,2,3997359000
Red River Delta,,Yes,0,,,Yes,20,,No,,,3,2,1,280000000000
Southeast,,No,,,,Yes,,,No,,,0,0,0,237449231000
Southeast,,Yes,1,10,,Yes,1,,No,,,0,0,0,277848434000
Red River Delta,5,Yes,1,360,1,No,,,No,,,1,2,1,100000000000
"Northern Central region, the Central Coast, Central Highlands",1,Yes,1,240,,Yes,5,2,No,,,0,0,0,94082208000
"Northern Central region, the Central Coast, Central Highlands",,Yes,0,,,No,,,No,,,1,1,0,2000000000
Red River Delta,,Yes,1,210,,Yes,100,,No,,,1,1,1,360615000000
Mekong River Delta,,No,,,,No,,,No,,,0,1,0,3434000000
Mekong River Delta,,Yes,1,15,,No,,,No,,,3,2,2,6175610000
Southeast,,Yes,2,30,,No,,,No,,,1,0,0,129280916000
Red River Delta,,No,,,,No,,,No,,,0,0,0,9480000000
Mekong River Delta,,No,,,,No,,,No,,,0,0,0,1200000000
Mekong River Delta,,No,,,,No,,,No,,,0,0,1,55716000000
Mekong River Delta,,No,,,,No,,,No,,,0,0,0,5600000000
Mekong River Delta,,No,,,,No,,,No,,,1,0,0,14990000000
Red River Delta,1,Yes,2,150,,No,,1,No,,,0,0,0,349432565000
Southeast,,Yes,1,180,,No,,,No,,,0,0,0,9868912000
Mekong River Delta,,No,,,,No,,,No,,,0,0,0,13800000000
Southeast,,No,,,,No,,,No,,,0,0,0,10093929000
Red River Delta,,Yes,3,720,,Yes,100,,No,,,3,1,,13918000000
Mekong River Delta,,Yes,3,75,,No,,,No,,,0,0,0,101500000000
Southeast,,No,,,,No,,,No,,,0,0,0,109852667000
Southeast,,No,,,,No,,,No,,,0,0,0,4102765000
"Northern Central region, the Central Coast, Central Highlands",,No,,,,Yes,1,,No,,,0,0,0,87831362000
Red River Delta,,Yes,1,120,,No,,,No,,,1,3,2,80000000000
Mekong River Delta,,Yes,1,481,,Yes,30,,No,,,0,0,0,48717000000
Southeast,,Yes,3,170,,No,,,No,,,0,0,0,104168235000
Southeast,,Yes,2,5,,Yes,2,,No,,,0,0,0,349204787000
Mekong River Delta,,Yes,1,300,,No,,,No,,,0,0,,2961390000
Mekong River Delta,,Yes,1,510,,Yes,100,,No,,,0,0,0,174639000000
Mekong River Delta,,No,,,,No,,,No,,,0,0,0,49600000000
Mekong River Delta,,Yes,1,600,6,No,,,Yes,2,10,1,4,4,900000000
Southeast,,No,,,,No,,,No,,,3,1,1,113925714000
Southeast,,Yes,1,60,,No,,,No,,,0,0,0,68495358000
Mekong River Delta,,No,,,,No,,,No,,,0,0,0,1933000000
Mekong River Delta,,No,,,,No,,,No,,,0,0,1,13145000000
Mekong River Delta,,No,,,,No,,,No,,,2,3,2,6752000000
Southeast,,Yes,1,6,,Yes,1,,No,,,0,0,0,25589428000
Red River Delta,,Yes,0,,,No,,,No,,,1,2,2,8000000000
Southeast,,No,,,,No,,,No,,,0,0,0,3452000000
Red River Delta,,No,,,,No,,,No,,,2,2,0,1500000000
Mekong River Delta,,Yes,3,90,,No,,,No,,,0,0,0,10950000000
Southeast,,Yes,2,150,,Yes,1,,No,,,0,0,0,234426357000
Southeast,,No,,,,No,,,No,,,0,0,0,7398376000
Southeast,,No,,,,No,,,No,,,0,0,1,107130926000
Southeast,,No,,,,No,,,No,,,3,1,1,5184128000
Southeast,,No,,,,No,,,No,,,2,1,2,75041308000
Southeast,,No,,,,No,,,No,,,0,0,0,12526813000
Southeast,,No,,,,No,,,No,,,2,2,,74307555000
Southeast,,No,,,,No,,,No,,,0,0,0,90408451000
Red River Delta,,Yes,1,720,0,No,,,No,,,4,2,0,12000000000
Mekong River Delta,,Yes,2,120,,No,,,No,,,0,0,0,47880000000
Southeast,,No,,,,No,,,No,,,0,2,2,12830262000
Mekong River Delta,,Yes,0,,,No,,,No,,,3,0,0,29245348000
Southeast,,No,,,,No,,,No,,,0,0,0,1927775000
Southeast,,No,,,,No,,,No,,,0,1,1,161000000000
Red River Delta,,Yes,1,30,,No,,,No,,,0,0,0,2000000000
"Northern Central region, the Central Coast, Central Highlands",,Yes,0,,,Yes,1,,No,,,2,0,0,380000000000
Mekong River Delta,,No,,,,Yes,70,4,No,,,3,3,1,1946945000000
Mekong River Delta,,No,,,,No,,,No,,,1,1,3,390139000000
Red River Delta,,No,,,,No,,,No,,,0,0,0,76395000000
Mekong River Delta,,No,,,,No,,,No,,,1,0,0,37061000000
Mekong River Delta,,Yes,2,480,,Yes,80,,No,,,3,1,1,24681000000
Southeast,,No,,,,No,,,No,,,0,0,0,24260476000
Red River Delta,,No,,,,No,,,No,,,0,0,0,87865000000
Red River Delta,,No,,,,No,,,No,,,0,0,0,57219940000
Southeast,,No,,,,Yes,1,,No,,,0,2,0,997359153000
Southeast,1,Yes,1,60,,Yes,100,,No,,,3,3,3,69529000000
Southeast,,No,,,,No,,,No,,,0,0,0,2815080000
Southeast,,No,,,,No,,,No,,,0,0,0,43010416000
Southeast,,No,,,,No,,,No,,,0,0,0,42351866000
Mekong River Delta,,Yes,2,120,,Yes,1,,No,,,0,1,0,129739000000
Southeast,,No,,,,No,,,No,,,0,0,0,11507040000
Southeast,,Yes,2,105,,No,,,No,,,1,0,0,1123149744000
Red River Delta,,Yes,3,690,,No,,,No,,,3,3,2,877591000000
Red River Delta,,No,,,,No,,,No,,,3,0,0,4801556000
Red River Delta,,No,,,,No,,,No,,,0,0,0,1893357000
Red River Delta,,No,,,,No,,,No,,,3,0,1,153275212000
Red River Delta,,No,,,,No,,,No,,,2,0,0,30094282000
Red River Delta,,Yes,1,720,10,Yes,100,,No,,,0,0,0,119743224000
Red River Delta,,Yes,2,640,,Yes,65,,No,,,3,2,2,1517023000000
Red River Delta,,No,,,,No,,,No,,,3,3,0,245413215000
Red River Delta,,Yes,2,180,,Yes,3,,No,,,4,2,,19592961000
Red River Delta,,No,,,,No,,,No,,,0,0,,4567962000
Red River Delta,,Yes,2,540,,No,,,No,,,3,1,0,521692000000
Red River Delta,,No,,,,No,,,No,,,4,0,2,39390091000
Red River Delta,,No,,,,No,,,No,,,3,2,0,295110000000
Red River Delta,,Yes,1,485,2,No,,,No,,,1,0,1,3294937000000
Red River Delta,,No,,,,No,,,No,,,0,0,0,3000000000
Red River Delta,,No,,,,No,,,No,,,1,1,2,30079972000
Red River Delta,,Yes,1,120,,No,,,No,,,1,1,,27855537000
Red River Delta,1,No,,,,No,,,No,,,0,0,0,91962932000
Red River Delta,,Yes,,,,No,,,No,,,3,1,2,94257000000
Red River Delta,,No,,,,No,,,No,,,0,0,,184630781000
Red River Delta,,No,,,,No,,,No,,,0,0,0,22000000000
Red River Delta,,No,,,,No,,,No,,,3,2,0,633448000000
Red River Delta,,Yes,1,15,,Yes,,5,No,,,0,0,,238206144000
Red River Delta,,Yes,1,740,,No,,,No,,,3,1,2,150170000000
Red River Delta,,Yes,2,740,,No,,,No,,,3,3,2,63504000000
Red River Delta,,No,,,,No,,,No,,,2,3,1,3790970000
Red River Delta,,No,,,,No,,,No,,,3,3,3,106842139000
Red River Delta,,Yes,3,630,,No,,,No,,,2,0,0,211989000
Red River Delta,,No,,,,No,,,No,,,3,2,0,8904000000
Red River Delta,1,No,,,,No,,,No,,,1,2,1,89150787000
Red River Delta,,Yes,1,,1,Yes,1,,No,,,1,1,1,119000000000
Red River Delta,,Yes,0,,,No,,,No,,,4,3,3,250941115000
Red River Delta,,Yes,0,,1,No,,,No,,,4,2,0,5000000000
Red River Delta,,Yes,1,740,,,,,No,,,3,2,2,368662000000
Red River Delta,,No,,,,Yes,70,,No,,,1,2,2,18437218000
Red River Delta,,Yes,,,5,No,,,No,,,0,0,2,77439772000
Red River Delta,,No,,,,No,,,No,,,0,0,0,249750000
Red River Delta,,Yes,1,15,,Yes,,,No,,,0,0,0,31884621000
Red River Delta,,No,,,,No,,,No,,,0,0,1,30134028000
Northern Midlands and Mountains,,Yes,3,130,,Yes,10,,No,,,3,0,,2600000000000
Red River Delta,,Yes,1,721,,No,,,No,,,3,2,2,248638000000
Red River Delta,,No,,,,No,,,No,,,0,0,0,191407406000
Red River Delta,,No,,,,No,,,No,,,1,2,1,26632000000
Red River Delta,,Yes,2,90,,No,,,No,,,2,3,2,9904989000
Red River Delta,,Yes,3,30,,No,,,No,,,3,0,0,76936227000
Red River Delta,,No,,,,No,,,No,,,2,2,0,6500000000
Red River Delta,,Yes,1,30,,No,,,No,,,3,2,1,43354131000
Red River Delta,,No,,,,No,,,No,,,4,3,3,2335269000
Red River Delta,,No,,,,No,,,No,,,3,2,0,1290830000
Red River Delta,,No,,,,No,,,No,,,3,0,0,150000000000
Red River Delta,,Yes,2,730,,No,,,No,,,2,0,0,16034000000
Red River Delta,,No,,,,Yes,20,,No,,,3,0,0,429000000
Red River Delta,,No,,,,No,,,No,,,3,3,,39241694000
Red River Delta,,No,,,,No,,,No,,,2,1,0,845361000
Red River Delta,,Yes,,,1,No,,,No,,,1,2,2,37589998000
Red River Delta,,No,,,,No,,,No,,,3,3,2,128198236000
Red River Delta,1,No,,,,No,,7,No,,,0,0,0,279575000
Red River Delta,,Yes,0,,,No,,,No,,,1,1,0,180000000000
Red River Delta,,Yes,2,240,5,Yes,,,No,,,3,3,0,381129265000
Red River Delta,,No,,,,No,,,No,,,3,0,,2789465000
Red River Delta,,No,,,,No,,,Yes,3,3,3,3,0,5400000000
Red River Delta,,No,,,,No,,,No,,,0,0,0,15868674000
Red River Delta,,Yes,2,720,,Yes,50,,No,,,4,1,2,25747266000
Red River Delta,,No,,,,No,,,No,,,0,1,1,13464920000
Red River Delta,,Yes,1,30,,No,,,No,,,3,1,1,102914000000
Red River Delta,,Yes,1,40,5,No,,,No,,,1,1,0,5305259000
Red River Delta,,Yes,3,90,,No,,,No,,,3,0,0,6231257000
Red River Delta,,No,,,,No,,,No,,,1,2,0,38196946000
Red River Delta,,Yes,2,480,2,No,,,No,,,4,2,2,20973187000
Red River Delta,,Yes,0,,,No,,,No,,,0,1,0,6000000000
Red River Delta,,Yes,0,,,No,,,No,,,2,0,0,13000000000
Red River Delta,,Yes,1,480,,Yes,,,No,,,4,1,1,20855476000
Red River Delta,,No,,,,No,,,No,,,3,1,2,63373762000
Red River Delta,1,Yes,1,,,No,,,No,,,0,0,0,61384589000
Red River Delta,,Yes,1,15,,No,,,No,,,1,0,1,67891075000
Red River Delta,14,No,,,,No,,7,No,,,0,0,0,19630912000
Red River Delta,,Yes,1,300,,No,,,No,,,3,2,1,10546394000
Red River Delta,,Yes,2,120,,No,,,No,,,3,3,3,23589483000
Red River Delta,,Yes,3,630,,No,,,No,,,3,2,0,3356000000
Red River Delta,,Yes,1,300,,No,,,No,,,1,1,3,13710000000
Red River Delta,,Yes,4,260,2,No,,,No,,,3,1,2,17843651000
Red River Delta,,No,,,,No,,,No,,,2,0,0,35579625000
Red River Delta,,No,,,,No,,,No,,,0,2,0,5487453000
Red River Delta,,No,,,,No,,,No,,,0,2,0,7000000000
Red River Delta,,Yes,3,61,,Yes,5,,No,,,1,3,2,16594000000
Red River Delta,,Yes,5,120,,No,,,No,,,3,3,3,40070000
Red River Delta,,No,,,,No,,,No,,,3,2,1,47295989000
Red River Delta,,Yes,3,640,,No,,,No,,,2,0,2,11931718000
Red River Delta,,No,,,,No,,,No,,,1,1,0,120771473000
Red River Delta,,No,,,,No,,,No,,,3,0,0,5022290000
Red River Delta,,No,,,,No,,,No,,,2,2,,3002000000
Red River Delta,,Yes,1,240,,Yes,,,No,,,4,3,3,3678518000000
Red River Delta,,No,,,,Yes,1,,No,,,0,0,3,45339408000
Red River Delta,,No,,,,No,,,No,,,4,3,2,6343037000
Red River Delta,,Yes,2,480,,Yes,100,,No,,,0,0,,18596000000
Red River Delta,,No,,,,No,,,No,,,3,1,0,27390007000
Red River Delta,,No,,,,No,,,No,,,3,2,1,52589046000
Red River Delta,,Yes,3,810,2,Yes,1,,No,,,3,1,,46930000000
Red River Delta,30,Yes,2,300,,Yes,100,,No,,,2,0,0,120000000
Red River Delta,1,No,,,,No,,,No,,,0,0,0,49547730000
Red River Delta,,Yes,2,60,,No,,,No,,,3,2,3,54000000000
Red River Delta,,Yes,2,720,,Yes,,,No,,,3,1,0,4468000000
Red River Delta,,Yes,1,260,,No,,,No,,,4,3,3,22371863000
Red River Delta,,Yes,1,90,,No,,,No,,,2,0,2,12059358000
Red River Delta,,Yes,1,240,,No,,,No,,,2,1,0,1969456000
Red River Delta,,No,,,,No,,,No,,,0,0,0,6913363000
Red River Delta,,No,,,,No,,,No,,,3,0,1,5889469000
Red River Delta,,Yes,5,30,,No,,,No,,,4,3,2,20144358000
Red River Delta,2,Yes,0,,,No,,,No,,,1,3,0,38000000000
Red River Delta,,No,,,,No,,,No,,,0,1,0,3700000000
Red River Delta,,No,,,,No,,,No,,,0,0,0,138002078000
Red River Delta,,No,,,,No,,,No,,,2,1,0,16000000000
Red River Delta,,No,,,,No,,,No,,,4,3,0,7000000000
Red River Delta,,Yes,0,,,No,,,No,,,1,0,0,72000000000
Red River Delta,,Yes,1,20,0,No,,,No,,,1,1,0,1754568000
Red River Delta,,No,,,,No,,,No,,,1,0,0,363250000
Red River Delta,,Yes,1,35,0,No,,,No,,,2,1,1,354000000
Red River Delta,,No,,,,No,,,No,,,2,1,1,676312000
Red River Delta,1,No,,,,No,,,No,,,0,0,0,1065278000
Red River Delta,,No,,,,Yes,,,No,,,0,0,0,23527473000
Red River Delta,,No,,,,No,,,No,,,0,0,0,680690000
Red River Delta,,Yes,1,241,,No,,,No,,,1,2,1,25615329000
Red River Delta,,No,,,,No,,,No,,,3,0,0,228761378000
Red River Delta,,Yes,2,180,,No,,,No,,,1,0,0,650000000000
Red River Delta,90,Yes,0,,1,No,,60,No,,,0,2,3,25000000000
Red River Delta,,Yes,2,90,,No,,,No,,,3,3,2,146325091000
Red River Delta,,No,,,,No,,,No,,,2,1,1,10000000000
Red River Delta,,No,,,,No,,,No,,,0,1,,8856745000
Red River Delta,,No,,,,No,,,No,,,0,1,0,1150000000
Red River Delta,,No,,,,No,,,No,,,3,,,5567997000
Red River Delta,5,No,,,,No,,5,No,,,3,0,0,5167254000
Red River Delta,,Yes,2,750,,No,,,No,,,2,0,0,5346000000
Red River Delta,,No,,,,No,,,No,,,3,1,2,19879443000
Red River Delta,,No,,,,No,,,No,,,2,2,0,4732824000
Red River Delta,5,Yes,4,241,2,No,,,No,,,2,0,,1258000000
Red River Delta,,No,,,,No,,,No,,,1,1,0,9330583000
Red River Delta,,No,,,,No,,,No,,,0,0,0,4236540000
Red River Delta,,No,,,,No,,,No,,,,2,0,307152132000
Red River Delta,,Yes,2,120,,Yes,9,,No,,,4,0,0,4034135000
Red River Delta,,Yes,1,181,,No,,,No,,,2,2,2,1694428000
Red River Delta,,No,,,,No,,,No,,,2,2,0,15376533000
Red River Delta,,No,,,,No,,,No,,,3,1,1,4302531000
Red River Delta,,No,,,,No,,,No,,,0,0,0,6480618000
Red River Delta,,Yes,1,90,,Yes,60,,No,,,0,0,0,52123300000
Red River Delta,,Yes,2,120,,Yes,1,,No,,,0,0,0,47672507000
Red River Delta,,No,,,,No,,,No,,,0,0,0,94901000000
Red River Delta,,Yes,1,90,,Yes,40,,No,,,0,0,0,514338982000
Red River Delta,,No,,,,Yes,80,,No,,,0,0,0,532487408000
Red River Delta,,No,,,,No,,,No,,,0,0,0,11965000
Red River Delta,,Yes,2,75,,No,,,No,,,0,0,0,356057111000
Red River Delta,,Yes,1,165,,Yes,80,,No,,,0,0,0,719646493000
Red River Delta,,No,,,,No,,,No,,,0,0,0,2063158000000
Red River Delta,,No,,,,No,,,No,,,0,0,0,12639000000
Red River Delta,,Yes,1,150,,Yes,100,,No,,,1,1,0,100296000000
Red River Delta,,Yes,2,90,,Yes,80,,No,,,0,1,1,435119000000
Red River Delta,,No,,,,No,,,No,,,0,0,0,123510000000
Red River Delta,,Yes,10,270,0,Yes,70,,No,,,2,0,1,680435000000
Red River Delta,,No,,,,No,,,No,,,0,0,0,4307000000
Red River Delta,,Yes,2,210,0,Yes,80,,No,,,1,0,0,309501492000
Red River Delta,,No,,,,No,,,No,,,0,0,0,15857000000
Red River Delta,,No,,,,Yes,30,,No,,,3,0,0,27000000000
Red River Delta,,Yes,1,90,,No,,,No,,,0,0,0,127878912000
Red River Delta,,No,,,,No,,,No,,,1,0,0,273900000000
Red River Delta,,No,,,,No,,,No,,,0,0,0,9103000000
Red River Delta,,No,,,,No,,,No,,,0,0,0,4211000000
Red River Delta,,No,,,,No,,,No,,,0,0,0,66879000000
Red River Delta,,Yes,1,120,0,Yes,,,No,,,0,0,0,1445725000000
Red River Delta,,Yes,1,30,,No,,,No,,,1,0,0,153627000000
Red River Delta,,Yes,2,210,,No,,,No,,,1,2,0,1152000000
Red River Delta,,Yes,3,61,1,No,,,No,,,3,0,0,7844046000
Red River Delta,,Yes,1,15,,No,,,No,,,1,0,1,351241000000
Red River Delta,,Yes,2,195,,Yes,80,,No,,,3,2,1,718369000000
Red River Delta,,Yes,1,90,,No,,,No,,,0,0,0,23016000000
Red River Delta,,No,,,,No,,,No,,,0,0,0,2963000000
Red River Delta,,No,,,,No,,,No,,,0,0,0,65096000000
Red River Delta,,Yes,1,120,,Yes,40,,No,,,0,0,0,734834000000
Red River Delta,,No,,,,No,,,No,,,2,4,0,13000000000
Red River Delta,,No,,,,No,,,No,,,0,0,0,10747000000
Red River Delta,,Yes,1,120,5,No,,,No,,,0,1,0,1969000000
Red River Delta,,No,,,,No,,,No,,,0,0,0,17554000000
Red River Delta,,No,,,,No,,,No,,,0,0,0,15000000000
Red River Delta,,No,,,,No,,,No,,,0,3,2,64177000000
Red River Delta,,No,,,,No,,,No,,,0,0,0,11585000000
Red River Delta,,No,,,,No,,,No,,,0,0,0,1785623000
Red River Delta,1,Yes,1,240,0,No,,,No,,,0,0,0,7403000000
Red River Delta,,No,,,,No,,,No,,,0,0,0,6603000000
Southeast,,Yes,1,120,3,No,,,No,,,0,0,0,112340116000
Southeast,,No,,,,No,,,No,,,0,0,,41652988000
Southeast,,No,,,,No,,,No,,,1,2,1,90305333000
Southeast,,No,,,,Yes,5,,No,,,0,0,0,86616336000
Southeast,,No,,,,No,,,No,,,0,0,0,11003645000
Southeast,,Yes,1,90,1,No,,,No,,,0,0,0,66587774000
Southeast,,No,,,,Yes,0,,No,,,0,0,,72669809000
Southeast,,Yes,1,20,1,Yes,10,,No,,,1,0,0,1085833000000
Southeast,,Yes,1,15,,Yes,1,,No,,,3,2,2,476972292000
Southeast,,No,,,,Yes,,,No,,,1,2,0,97300319000
Mekong River Delta,,Yes,2,75,,No,,,No,,,0,0,0,11196000000
Southeast,,No,,,,No,,,No,,,1,0,0,280629000
Southeast,,Yes,4,130,,No,,,No,,,1,1,0,854076676000
Southeast,,No,,,,No,,,No,,,0,0,0,22515000000
Southeast,,No,,,,Yes,10,,No,,,0,2,1,90000000000
Southeast,,No,,,,Yes,1,,No,,,3,0,0,146198571000
Southeast,,Yes,2,90,,No,,,No,,,0,0,0,369505621000
Southeast,,No,,,,Yes,0,,No,,,1,1,0,4351862000
Southeast,,No,,,,No,,,No,,,3,1,0,22559526000
Southeast,,Yes,1,480,,No,,,No,,,0,0,,14735159000
Southeast,,Yes,2,75,,No,,,No,,,1,1,1,27783142000
Southeast,,Yes,1,180,,Yes,30,,No,,,0,0,0,8642372000
Southeast,,No,,,,No,,,No,,,0,0,0,25028525000
Southeast,,No,,,,Yes,5,,No,,,4,3,2,1244802000000
Southeast,,No,,,,No,,,No,,,0,0,,6399669000
Southeast,,Yes,1,30,,No,,,No,,,1,1,1,1128600662000
Southeast,,No,,,,No,,,No,,,0,0,0,14115780000
Southeast,,Yes,1,15,,No,,,No,,,0,0,0,589341155000
Southeast,,Yes,3,110,3,No,,,No,,,1,0,0,174624000000
Southeast,,No,,,,Yes,1,,No,,,0,0,0,19207332000
Southeast,,No,,,,Yes,1,,No,,,3,2,0,5771202000000
Southeast,,No,,,,No,,,No,,,0,1,1,262611441000
Southeast,,No,,,,Yes,1,,No,,,3,1,0,32940552000
Southeast,,No,,,,No,,,No,,,0,0,0,3446279000
Southeast,,Yes,2,45,3,No,,,No,,,0,0,0,453833097000
Southeast,,No,,,,No,,,No,,,0,1,1,319917489000
Southeast,,No,,,,Yes,1,,No,,,3,1,2,211042110000
Southeast,2,Yes,1,150,,No,,,No,,,0,0,0,3080595000
Southeast,,No,,,,No,,,No,,,2,3,0,51700575000
Southeast,,No,,,,No,,,No,,,0,0,0,43745000000
Southeast,,No,,,,No,,,No,,,0,0,,42915950000
Southeast,,Yes,1,510,,No,,,No,,,1,0,,2422456000
Southeast,,No,,,,No,,,No,,,0,0,0,414381160000
Southeast,,No,,,,No,,,No,,,0,0,,1214409000
Southeast,5,Yes,1,30,1,No,,,No,,,3,2,,33265931000
Southeast,,No,,,,No,,,No,,,0,0,0,776605898000
Southeast,,No,,,,No,,,No,,,0,0,0,32400726000
Southeast,,Yes,1,240,,No,,,No,,,0,0,0,10952849000
Southeast,7,No,,,,No,,,No,,,0,0,0,23000000000
Southeast,,No,,,,No,,,No,,,0,0,,1900034000
Mekong River Delta,,Yes,1,255,,Yes,100,,No,,,0,0,0,4042885000000
Southeast,,Yes,1,50,,No,,,No,,,0,0,1,1172114316000
Southeast,,No,,,,No,,,No,,,0,0,,53511299000
Southeast,,Yes,1,600,,No,,,No,,,0,0,0,22264685000
Southeast,,No,,,,No,,,No,,,0,0,0,5821775000
Southeast,,No,,,,No,,,No,,,0,0,0,12207238000
Southeast,,Yes,1,300,,No,,,No,,,0,0,0,21775679000
Southeast,,Yes,12,45,,No,,,No,,,0,0,0,1317439000
Southeast,,No,,,,No,,,No,,,0,0,0,2240484000000
Southeast,,Yes,2,5,,Yes,3,,No,,,0,0,0,28451375000
Southeast,,No,,,,Yes,1,,No,,,3,2,1,92289279000
Southeast,,Yes,3,300,3,No,,,No,,,3,1,0,29424039000
Southeast,,No,,,,No,,,No,,,2,0,0,92167892000
Southeast,,Yes,2,300,,Yes,0,,No,,,0,0,0,11860747000
Southeast,,No,,,,No,,,No,,,0,0,0,27571304000
Southeast,,No,,,,No,,,No,,,1,0,0,3149611000
Southeast,,No,,,,No,,,No,,,0,0,0,415016000
Southeast,,No,,,,No,,,No,,,0,0,0,196842000
Southeast,,Yes,1,65,,No,,,No,,,0,0,0,44000462000
Southeast,,No,,,,No,,,No,,,0,0,0,60148740000
Southeast,,Yes,0,,,No,,60,No,,,2,1,1,10000000000
Southeast,,Yes,1,15,1,No,,,No,,,3,2,1,51542175000
Southeast,,No,,,,Yes,0,,No,,,0,0,,1690279000
Southeast,,No,,,,No,,,No,,,1,0,0,133698000
Southeast,,No,,,,No,,,No,,,0,0,0,339894000
Southeast,,No,,,,No,,,No,,,0,0,0,12123630000
Southeast,,No,,,,No,,,No,,,0,0,0,615538426000
Southeast,,Yes,0,,,No,,,No,,,0,0,0,65015194000
Southeast,10,Yes,1,60,,No,,,No,,,0,0,,31029858000
Southeast,,No,,,,No,,,No,,,,1,,38268427000
Southeast,,No,,,,No,,,No,,,0,0,0,20411429000
Southeast,,No,,,,No,,,No,,,0,0,0,7091349000
Southeast,,Yes,1,720,,No,,,No,,,0,0,0,2753370000
Southeast,,No,,,,No,,,No,,,0,0,0,13176113000
Southeast,,No,,,,No,,,No,,,3,1,0,9417606000
Southeast,,No,,,,No,,,No,,,1,1,,164016889000
Southeast,,No,,,,Yes,1,,No,,,3,1,1,22436848000
Southeast,,Yes,1,30,,No,,,No,,,0,0,0,27154439000
Southeast,,Yes,1,30,2,Yes,3,,No,,,3,1,1,200122887000
Southeast,,No,,,,No,,,No,,,0,0,0,473048405000
Southeast,,Yes,4,130,,No,,,No,,,1,0,0,789525295000
Southeast,,Yes,1,240,,No,,,No,,,0,0,0,1492363000
Southeast,,No,,,,No,,,No,,,0,0,0,477967000
Southeast,,No,,,,No,,,No,,,0,0,0,1656363000
Southeast,,Yes,1,240,,No,,,No,,,0,0,0,7534789000
Southeast,,No,,,,No,,,No,,,0,0,,3586960000
Southeast,,Yes,1,300,,No,,,No,,,0,0,0,43583154000
Southeast,,Yes,1,40,,No,,,No,,,0,0,0,14539174000
Southeast,,Yes,4,150,0,No,,,No,,,0,0,0,9642136000
Southeast,,No,,,,No,,,No,,,0,0,0,36262304000
Southeast,,Yes,1,10,,No,,,No,,,0,0,0,18363055000
Southeast,,Yes,1,300,,No,,,No,,,0,0,0,19271348000
Southeast,,No,,,,No,,,No,,,0,0,0,199748000000
Southeast,,No,,,,,,,No,,,0,2,3,42000000000
"Northern Central region, the Central Coast, Central Highlands",,Yes,1,480,,Yes,10,,No,,,1,2,0,937926894000
"Northern Central region, the Central Coast, Central Highlands",,No,,,,No,,,No,,,0,1,0,30000000000
"Northern Central region, the Central Coast, Central Highlands",,Yes,1,495,,No,,,No,,,0,0,,12103589000
"Northern Central region, the Central Coast, Central Highlands",,Yes,1,480,,No,,,No,,,0,0,0,4301911000000
"Northern Central region, the Central Coast, Central Highlands",3,Yes,0,,,No,,,No,,,3,1,0,9000000000
"Northern Central region, the Central Coast, Central Highlands",,Yes,1,490,,No,,,No,,,0,0,0,12158879000
Red River Delta,,Yes,2,90,10,No,,,No,,,2,1,0,891038092000
Red River Delta,,Yes,1,240,,Yes,,,No,,,3,2,2,569488081000
Red River Delta,,Yes,1,150,,No,,,No,,,3,2,2,15284968000
Red River Delta,,No,,,,No,,,No,,,,,,51542578000
Red River Delta,,Yes,1,360,1,Yes,5,7,No,,,2,2,2,300000000000
Red River Delta,,No,,,,No,,,No,,,1,1,2,80000000000
Red River Delta,,Yes,1,60,,Yes,100,,,,,2,2,2,100000000000
Red River Delta,,No,,,,No,,,No,,,3,2,0,88383141000
Red River Delta,,Yes,5,75,10,No,,,No,,,2,3,2,171464384000
Red River Delta,,No,,,,No,,,No,,,0,0,0,12961512000
Red River Delta,,No,,,,No,,,No,,,3,2,2,34433153000
Red River Delta,15,Yes,2,60,3,No,,,No,,,3,2,0,26366697000
Red River Delta,,Yes,1,30,1,No,,,Yes,2,2,4,3,2,638837680000
Red River Delta,,No,,,,No,,,No,,,0,0,0,88499262000
Red River Delta,,No,,,,No,,,No,,,3,2,2,49565871000
Red River Delta,,No,,,,No,,,No,,,3,0,0,5756808000
Red River Delta,,No,,,,No,,,No,,,3,0,0,68343815000
Red River Delta,,Yes,1,30,,Yes,1,,No,,,3,1,0,120000000000
Red River Delta,,Yes,1,120,,No,,,No,,,0,0,0,220000000000
Red River Delta,,No,,,,No,,,No,,,1,1,1,12501000000
Red River Delta,,Yes,1,190,,No,,,No,,,4,1,0,113991610000
Red River Delta,,No,,,,No,,,No,,,2,2,2,7287273000
Red River Delta,,Yes,2,210,5,Yes,5,,No,,,2,0,0,1944699000000
Red River Delta,,Yes,3,195,,No,,,No,,,0,0,0,22217978000
Red River Delta,,Yes,5,75,2,Yes,5,,No,,,0,0,0,17742000000
Red River Delta,,No,,,,No,,,No,,,2,2,2,766261323000
Red River Delta,,Yes,8,240,20,No,,,No,,,3,4,4,648817000000
Red River Delta,,No,,,,No,,,No,,,0,3,0,300000000
Red River Delta,,Yes,2,250,,No,,,No,,,2,1,0,62279000000
Red River Delta,,Yes,2,15,,No,,,No,,,0,0,0,83473806000
Red River Delta,,No,,,,No,,,No,,,4,4,4,267373688000
Red River Delta,,Yes,3,240,,No,,,No,,,1,1,0,62524000000
Red River Delta,,Yes,2,20,10,No,,,No,,,0,0,0,47780000000
Red River Delta,,No,,,,No,,,No,,,0,1,0,80000000000
Red River Delta,,Yes,2,250,,No,,,No,,,1,1,0,381692000
Red River Delta,,Yes,5,200,,No,,,No,,,0,0,0,36747000000
Red River Delta,,Yes,3,140,,No,,,No,,,0,0,0,1449930000
Red River Delta,,No,,,,No,,,No,,,2,2,1,4820098000
Red River Delta,,No,,,,No,,,No,,,1,1,1,748357000
Red River Delta,,Yes,5,150,5,No,,,No,,,1,0,0,315277000000
Red River Delta,,No,,,,No,,,No,,,4,4,4,124625000000
Red River Delta,,Yes,,,5,No,,,No,,,4,4,4,53892000000
Red River Delta,,Yes,1,210,,No,,,No,,,0,0,,1147000000
Red River Delta,,No,,,,No,,,No,,,2,2,2,386514000
Red River Delta,,No,,,,No,,,No,,,2,2,1,3345144000
Red River Delta,,No,,,,No,,,No,,,1,1,2,48823697000
Red River Delta,,No,,,,No,,,No,,,0,0,0,50000000000
Red River Delta,15,No,,,,No,,7,No,,,2,1,1,27457969000
Red River Delta,,Yes,,,,No,,,No,,,2,3,1,296000000
Mekong River Delta,,Yes,2,360,,No,,,No,,,1,1,1,822163000000
Mekong River Delta,,Yes,2,80,,No,,,No,,,4,3,1,4002439000000
Mekong River Delta,,Yes,3,255,,No,,,No,,,0,0,0,11400000000
Mekong River Delta,,Yes,2,90,,No,,,No,,,0,0,0,128200000000
Mekong River Delta,,Yes,3,135,,No,,,No,,,0,0,0,571000000
Mekong River Delta,,Yes,4,90,,No,,,No,,,0,0,0,41300000000
Mekong River Delta,,Yes,1,135,,No,,,No,,,0,0,0,5154000000
Mekong River Delta,,Yes,2,60,,No,,,No,,,0,0,0,201600000000
Mekong River Delta,,Yes,3,135,,No,,,No,,,0,0,0,9400000000
Mekong River Delta,,No,,,,No,,,No,,,3,1,1,60498042000
Mekong River Delta,,Yes,1,180,,No,,,No,,,1,2,1,624215000000
Mekong River Delta,,Yes,1,145,,No,,,No,,,4,2,2,692476000000
Mekong River Delta,,Yes,3,135,,No,,,No,,,0,0,0,70600000000
Mekong River Delta,,Yes,2,120,,No,,,No,,,1,2,0,62113000000
Mekong River Delta,,No,,,,No,,,No,,,0,0,0,62960000000
Mekong River Delta,,No,,,,No,,,No,,,0,0,0,12072000000
Mekong River Delta,,Yes,2,75,,No,,,No,,,0,0,0,8096000000
Mekong River Delta,,Yes,2,75,,No,,,No,,,0,0,0,373100000000
Mekong River Delta,,Yes,2,75,,No,,,No,,,0,0,0,147700000000
Mekong River Delta,,Yes,1,120,,No,,,No,,,2,2,2,916364000
Mekong River Delta,,Yes,3,75,,No,,,No,,,0,0,0,28800000000
Mekong River Delta,,No,,,,No,,,No,,,3,2,2,37678000000
Mekong River Delta,,Yes,1,600,3,No,,,No,,,2,0,,97535591000
Mekong River Delta,,Yes,1,480,,Yes,100,,No,,,1,2,,69810142000
Mekong River Delta,7,No,,,,No,,7,No,,,3,4,2,226519000000
Mekong River Delta,,No,,,,No,,,No,,,4,4,3,377470000000
Mekong River Delta,7,No,,,,No,,7,No,,,4,2,2,506722000000
Mekong River Delta,14,Yes,0,,,No,,,Yes,0,,0,0,0,428000000
Mekong River Delta,7,Yes,1,600,,Yes,100,7,No,,,1,0,,153268000000
Mekong River Delta,7,No,,,,No,,3,No,,,3,4,4,41170000000
Mekong River Delta,,Yes,1,600,,No,,,No,,,1,1,0,4641000000
Mekong River Delta,,Yes,1,240,1,Yes,50,,No,,,1,2,1,24000000000
Mekong River Delta,,No,,,,Yes,,,No,,,1,0,0,23529295000
Mekong River Delta,,Yes,1,720,,Yes,90,,No,,,2,0,0,284356375000
Mekong River Delta,,Yes,1,390,,Yes,60,,No,,,0,4,,90268154000
Mekong River Delta,,Yes,1,360,,Yes,25,,No,,,0,0,0,1752634000
Mekong River Delta,30,Yes,2,640,10,No,,,No,,,2,1,,2473880000
Mekong River Delta,15,No,,,,No,,,No,,,,,,153392274000
Mekong River Delta,,Yes,,,,No,,,No,,,4,3,3,422647000000
Mekong River Delta,,Yes,1,180,,No,,,No,,,1,4,1,9735555000
Mekong River Delta,,Yes,2,240,,Yes,70,2,Yes,1,4,4,0,0,613546000000
Mekong River Delta,,No,,,,Yes,2,,No,,,1,1,0,1125000000
Mekong River Delta,,No,,,,Yes,50,,No,,,0,0,0,7598237000000
Mekong River Delta,,No,,,,No,,,No,,,0,0,0,11062000000
Mekong River Delta,,No,,,,No,,,No,,,0,1,0,86141000000
Mekong River Delta,,No,,,,No,,,No,,,0,0,0,2113000000
Mekong River Delta,,No,,,,Yes,5,,No,,,0,0,0,503344000000
Mekong River Delta,,No,,,,No,,,No,,,0,0,0,1325161000000
Mekong River Delta,,Yes,5,1,,No,,,No,,,0,0,0,7000000000
Mekong River Delta,,No,,,,No,,,No,,,0,0,0,47883000000
Mekong River Delta,,No,,,,No,,,No,,,0,0,0,1621000000
Mekong River Delta,,No,,,,No,,,No,,,0,0,0,87248000000
Mekong River Delta,,No,,,,No,,,No,,,0,0,0,6070000000
Mekong River Delta,,No,,,,No,,,No,,,0,0,0,23882000000
Mekong River Delta,,No,,,,No,,,No,,,0,1,1,57268000000
Mekong River Delta,,No,,,,No,,,No,,,0,0,0,16100000000
Mekong River Delta,,No,,,,No,,,No,,,0,0,0,970370000000
Mekong River Delta,,Yes,1,270,,Yes,30,,No,,,0,0,0,1622482000
Mekong River Delta,,No,,,,No,,,No,,,0,1,0,775700000
Mekong River Delta,10,No,,,,No,,,No,,,0,3,3,1850000000
Mekong River Delta,,No,,,,No,,,No,,,0,0,0,18524755000
Red River Delta,,Yes,0,,,No,,,No,,,1,3,2,30000000000
Northern Midlands and Mountains,,No,,,,No,,,No,,,1,1,1,305290140000
Northern Midlands and Mountains,,No,,,,No,,,No,,,2,1,1,39724632000
Red River Delta,,Yes,1,240,,No,,,No,,,0,0,0,10000000000
Northern Midlands and Mountains,,No,,,,No,,,No,,,0,0,0,70629862000
Northern Midlands and Mountains,,No,,,,No,,,No,,,0,2,0,17979915000
Northern Midlands and Mountains,,Yes,3,361,0,No,,,No,,,1,2,0,1140344414000
Northern Midlands and Mountains,,No,,,,No,,,No,,,3,2,,92154250000
Northern Midlands and Mountains,,Yes,1,180,0,Yes,5,,Yes,0,,2,1,1,27000000000
Northern Midlands and Mountains,,No,,,,Yes,10,,No,,,0,0,0,5784000000000
Northern Midlands and Mountains,,No,,,,No,,,No,,,0,0,2,1137413216000
Northern Midlands and Mountains,,No,,,,Yes,,,No,,,3,1,1,372281345000
Northern Midlands and Mountains,,No,,,,No,,,No,,,0,1,1,14214611000
Northern Midlands and Mountains,,No,,,,No,,,No,,,0,0,0,363430672000
Northern Midlands and Mountains,,Yes,5,241,,No,,,No,,,2,0,0,8534700000
Northern Midlands and Mountains,,Yes,5,260,0,No,,,No,,,1,1,1,164394182000
Northern Midlands and Mountains,,No,,,,No,,,No,,,0,1,1,39829618000
Northern Midlands and Mountains,7,Yes,0,,0,Yes,0,7,No,,,0,1,2,250000000000
Northern Midlands and Mountains,,No,,,,Yes,,Still in process,No,,,0,0,0,24476803000
Northern Midlands and Mountains,,Yes,2,30,3,No,,,No,,,1,1,0,30000000000
Northern Midlands and Mountains,,Yes,2,153,,No,,,No,,,2,1,0,70416670000
Northern Midlands and Mountains,,No,,,,No,,,No,,,3,0,0,3444530000
Northern Midlands and Mountains,,No,,,,No,,,No,,,0,0,0,85074979000
Northern Midlands and Mountains,,No,,,,No,,,No,,,0,0,0,921001455000
Northern Midlands and Mountains,,No,,,,No,,,No,,,0,0,0,4839732000
Northern Midlands and Mountains,,No,,,,No,,,No,,,0,0,0,2749572000
Northern Midlands and Mountains,,No,,,,No,,,No,,,4,0,0,112000000000
Northern Midlands and Mountains,,Yes,3,481,,No,,,No,,,1,1,1,69571857000
Northern Midlands and Mountains,25,Yes,0,,,Yes,0,7,No,,,1,2,2,116000000000
Northern Midlands and Mountains,,No,,,,No,,,No,,,3,0,0,12150582000
Northern Midlands and Mountains,,No,,,,Yes,15,,No,,,0,0,0,157000000000
Northern Midlands and Mountains,,No,,,,No,,,No,,,0,0,0,263722200000
Northern Midlands and Mountains,,Yes,5,301,0,No,,,No,,,2,1,1,2749572000
Northern Midlands and Mountains,,No,,,,No,,,No,,,1,0,0,16000000000
Northern Midlands and Mountains,,No,,,,No,,,No,,,1,1,1,378085253000
Northern Midlands and Mountains,,No,,,,No,,,No,,,0,1,0,12374710000
Northern Midlands and Mountains,,Yes,0,,,Yes,0,,No,,,0,2,1,20000000000
Northern Midlands and Mountains,,No,,,,No,,,No,,,0,1,0,29338729000
Northern Midlands and Mountains,,No,,,,No,,,No,,,0,0,0,25522818000
Northern Midlands and Mountains,7,Yes,0,,0,No,,7,No,,,2,1,2,20000000000
Northern Midlands and Mountains,,No,,,,Yes,15,,No,,,1,0,0,6731267000
Northern Midlands and Mountains,,Yes,5,361,,Yes,2,,No,,,1,1,0,1353356208000
Northern Midlands and Mountains,,No,,,,No,,,No,,,1,0,0,4739857000
Northern Midlands and Mountains,,Yes,6,330,0,Yes,10,,No,,,2,1,0,74706401000
Northern Midlands and Mountains,,No,,,,No,,,No,,,1,0,0,400000000
Northern Midlands and Mountains,,No,,,,No,,,No,,,1,1,1,13460705000
Northern Midlands and Mountains,,No,,,,No,,,No,,,0,0,0,656438683000
Northern Midlands and Mountains,,No,,,,No,,,No,,,3,0,0,19031165000
Northern Midlands and Mountains,,No,,,,No,,,No,,,1,0,0,2857418000
Northern Midlands and Mountains,,No,,,,No,,,No,,,0,1,0,4022000000
Northern Midlands and Mountains,,Yes,5,320,1,No,,,No,,,1,1,0,21631351000
Red River Delta,,Yes,2,1440,,Yes,40,,No,,,0,1,1,200000000000
Red River Delta,,No,,,,No,,,No,,,0,0,0,16000000000
Northern Midlands and Mountains,,Yes,2,61,,Yes,,,No,,,2,2,,2000000000
Northern Midlands and Mountains,,Yes,,,,No,,,No,,,3,2,,12000000000
Northern Midlands and Mountains,,Yes,1,240,,Yes,4,5,No,,,0,0,,43500000000
Northern Midlands and Mountains,,Yes,,,,Yes,10,,No,,,2,3,,150000000000
Northern Midlands and Mountains,7,Yes,2,602,,Yes,10,,No,,,2,4,,400000000000
Northern Midlands and Mountains,,Yes,,,,No,,,No,,,1,0,,6000000000
Northern Midlands and Mountains,,Yes,0,,,Yes,5,,Yes,0,,2,3,2,70000000000
Northern Midlands and Mountains,,No,,,,No,,,No,,,2,0,,1750000000
Northern Midlands and Mountains,3,Yes,1,60,1,No,,,No,,,2,0,0,40000000000
Northern Midlands and Mountains,,Yes,2,181,,Yes,,,No,,,3,0,0,50000000000
Northern Midlands and Mountains,,Yes,1,120,,Yes,,,No,,,1,2,,22000000000
Northern Midlands and Mountains,,Yes,1,30,,No,,,No,,,1,1,0,1000000000
Northern Midlands and Mountains,,Yes,1,120,,Yes,10,,No,,,0,0,,5000000000
Northern Midlands and Mountains,3,Yes,,,,No,,,No,,,2,0,,78000000000
Northern Midlands and Mountains,,Yes,,,,Yes,,,No,,,3,0,,25000000000
Northern Midlands and Mountains,3,No,,,,No,,,No,,,3,0,,1600000000
Northern Midlands and Mountains,,Yes,,,,Yes,10,,No,,,2,1,,10000000000
Northern Midlands and Mountains,,Yes,1,120,,Yes,2,,No,,,0,0,,32000000000
Northern Midlands and Mountains,,Yes,0,,,Yes,10,,No,,,3,2,3,140000000000
Northern Midlands and Mountains,,No,,,,No,,,No,,,3,1,,1000000000000
Northern Midlands and Mountains,,Yes,,,,Yes,,,No,,,0,3,,6000000000
Red River Delta,,No,,,,No,,,No,,,3,0,0,1524132000
Red River Delta,,No,,,,No,,,No,,,4,0,2,115705154000
Red River Delta,,No,,,,No,,,No,,,3,3,0,31975987000
Red River Delta,,Yes,2,481,,No,,,No,,,4,0,0,31118984000
Red River Delta,7,Yes,1,481,,No,,,No,,,4,0,0,104536332000
Red River Delta,,Yes,2,241,,No,,,No,,,4,2,2,68187129000
Red River Delta,,No,,,,No,,,No,,,4,2,2,74723268000
Red River Delta,,Yes,3,480,,No,,,No,,,3,3,1,2017163000
Red River Delta,,Yes,1,480,,Yes,,,No,,,4,0,0,242883765000
Red River Delta,,Yes,1,241,,No,,,No,,,3,1,0,17619560000
Red River Delta,,Yes,2,1,,No,,,Yes,3,,3,0,0,13733558000
Red River Delta,,Yes,2,121,,No,,,No,,,4,0,0,54872312000
Red River Delta,,Yes,2,121,1,No,,,No,,,4,1,3,15378765000
Red River Delta,,Yes,2,1,,No,,,No,,,4,2,1,29434502000
Red River Delta,,Yes,1,1,,No,,,No,,,3,1,0,8397952000
Red River Delta,,Yes,1,241,,No,,,No,,,4,0,0,1779634000
Red River Delta,,No,,,,No,,,No,,,3,0,0,5703068000
Red River Delta,,Yes,3,241,,No,,,No,,,4,0,1,6592201000
Red River Delta,,No,,,,No,,,No,,,3,2,0,10234728000
Red River Delta,,Yes,2,240,,No,,,No,,,3,0,0,546643000
Red River Delta,,No,,,,No,,,No,,,4,0,0,426320000
Red River Delta,,Yes,2,481,,No,,,No,,,4,0,2,8336908000
Red River Delta,,Yes,2,481,,No,,,No,,,4,0,2,11996643000
Red River Delta,,Yes,2,481,,No,,,No,,,3,0,0,304918000
"Northern Central region, the Central Coast, Central Highlands",,Yes,10,720,0,Yes,100,,No,,,3,3,0,4123000000000
"Northern Central region, the Central Coast, Central Highlands",,Yes,3,744,0,Yes,1,,No,,,3,1,1,669158723000
"Northern Central region, the Central Coast, Central Highlands",,Yes,2,720,0,Yes,1,,No,,,1,1,0,1387026884000
"Northern Central region, the Central Coast, Central Highlands",,No,,,,No,,,No,,,4,0,0,27600000000
"Northern Central region, the Central Coast, Central Highlands",,Yes,3,185,0,Yes,1,,No,,,1,0,0,826984401000
"Northern Central region, the Central Coast, Central Highlands",,Yes,2,150,5,Yes,10,,No,,,1,1,0,1200000000
"Northern Central region, the Central Coast, Central Highlands",,No,,,,No,,,No,,,0,0,0,54168778000
"Northern Central region, the Central Coast, Central Highlands",,Yes,1,1,,No,,,No,,,0,0,0,161534220000
"Northern Central region, the Central Coast, Central Highlands",,Yes,2,120,,Yes,2,,No,,,1,0,0,18533039000
"Northern Central region, the Central Coast, Central Highlands",,No,,,,No,,,No,,,0,0,0,931980000
"Northern Central region, the Central Coast, Central Highlands",,No,,,,No,,,No,,,0,1,0,37918512000
"Northern Central region, the Central Coast, Central Highlands",,Yes,3,1,1,Yes,1,,No,,,2,1,,102653414000
"Northern Central region, the Central Coast, Central Highlands",,Yes,1,70,,Yes,1,,No,,,0,0,,22437332000
"Northern Central region, the Central Coast, Central Highlands",,Yes,2,325,,Yes,80,,No,,,1,1,1,34436000000
"Northern Central region, the Central Coast, Central Highlands",,Yes,,,,No,,,No,,,3,2,2,348000000000
"Northern Central region, the Central Coast, Central Highlands",,Yes,4,395,,Yes,80,,No,,,1,1,1,87799000000
"Northern Central region, the Central Coast, Central Highlands",,Yes,1,600,,No,,,No,,,0,0,0,1755701000
"Northern Central region, the Central Coast, Central Highlands",,No,,,,No,,,No,,,3,0,2,12565048000
"Northern Central region, the Central Coast, Central Highlands",,Yes,2,120,,No,,,No,,,3,0,0,4548888000000
"Northern Central region, the Central Coast, Central Highlands",,Yes,1,1,,No,,,No,,,4,3,1,5103346000
"Northern Central region, the Central Coast, Central Highlands",,Yes,1,30,0,Yes,5,,No,,,4,0,0,635815483000
"Northern Central region, the Central Coast, Central Highlands",,No,,,,No,,,No,,,0,0,0,39658985000
"Northern Central region, the Central Coast, Central Highlands",,No,,,,No,,,No,,,0,0,1,1677520000
"Northern Central region, the Central Coast, Central Highlands",,Yes,1,600,,No,,,No,,,1,0,0,13603107000
"Northern Central region, the Central Coast, Central Highlands",,No,,,,No,,,No,,,2,3,0,14000000000
"Northern Central region, the Central Coast, Central Highlands",,Yes,3,,,Yes,,,No,,,3,0,0,2485896000000
"Northern Central region, the Central Coast, Central Highlands",,No,,,,No,,,No,,,0,0,0,2591000000
"Northern Central region, the Central Coast, Central Highlands",,No,,,,Yes,100,,No,,,0,0,0,1585484386000
"Northern Central region, the Central Coast, Central Highlands",,No,,,,No,,,No,,,1,1,1,22928599000
"Northern Central region, the Central Coast, Central Highlands",,Yes,2,255,,No,,,No,,,2,2,,1337253000
"Northern Central region, the Central Coast, Central Highlands",,Yes,1,180,1,Yes,15,,No,,,1,0,0,53983511000
"Northern Central region, the Central Coast, Central Highlands",,No,,,,No,,,No,,,3,2,2,1929822000
"Northern Central region, the Central Coast, Central Highlands",,Yes,1,130,,No,,,No,,,0,1,0,113000000000
"Northern Central region, the Central Coast, Central Highlands",,No,,,,No,,,No,,,0,0,0,8628373000
"Northern Central region, the Central Coast, Central Highlands",,No,,,,No,,,No,,,0,0,,15991000000
"Northern Central region, the Central Coast, Central Highlands",,Yes,3,600,0,No,,,No,,,3,0,1,27543869000
"Northern Central region, the Central Coast, Central Highlands",,Yes,,,,Yes,0,,No,,,3,1,1,620963578000
"Northern Central region, the Central Coast, Central Highlands",,No,,,,Yes,,,No,,,3,2,2,1018742000000
"Northern Central region, the Central Coast, Central Highlands",,Yes,0,,0,Yes,5,,No,,,1,1,0,3200000000
"Northern Central region, the Central Coast, Central Highlands",,Yes,1,,,No,,,No,,,2,2,2,24306779000
"Northern Central region, the Central Coast, Central Highlands",,Yes,1,480,,No,,,No,,,1,1,0,3139721000
"Northern Central region, the Central Coast, Central Highlands",,No,,,,No,,,No,,,0,0,0,469454000
"Northern Central region, the Central Coast, Central Highlands",,No,,,,No,,,No,,,1,1,0,86334079000
"Northern Central region, the Central Coast, Central Highlands",15,Yes,1,240,1,Yes,20,,No,,,3,1,0,14000000000
"Northern Central region, the Central Coast, Central Highlands",,Yes,3,30,,No,,,No,,,4,0,0,11882809000
"Northern Central region, the Central Coast, Central Highlands",,Yes,3,1,,No,,,No,,,2,0,0,16167267000
"Northern Central region, the Central Coast, Central Highlands",,Yes,3,1,,No,,,No,,,3,0,0,1255324930000
"Northern Central region, the Central Coast, Central Highlands",,Yes,1,1,,No,,,No,,,1,0,0,273700194000
"Northern Central region, the Central Coast, Central Highlands",,No,,,,No,,,No,,,0,0,0,503142325000
"Northern Central region, the Central Coast, Central Highlands",,Yes,4,1,,No,,,No,,,1,0,0,47233443000
"Northern Central region, the Central Coast, Central Highlands",,No,,,,Yes,50,,No,,,0,1,0,301955178000
"Northern Central region, the Central Coast, Central Highlands",,No,,,,No,,,No,,,0,0,0,3200791000
"Northern Central region, the Central Coast, Central Highlands",,No,,,,No,,,No,,,0,0,0,3986496000
"Northern Central region, the Central Coast, Central Highlands",3,Yes,1,50,,No,,,No,,,1,0,1,35758373000
"Northern Central region, the Central Coast, Central Highlands",,Yes,3,1,,No,,,No,,,2,0,0,95349725000
"Northern Central region, the Central Coast, Central Highlands",,Yes,2,61,,No,,,No,,,1,0,0,13382299000
"Northern Central region, the Central Coast, Central Highlands",,Yes,4,1,,No,,,No,,,3,0,1,13371163000
"Northern Central region, the Central Coast, Central Highlands",,No,,,,No,,,No,,,0,0,0,160991000
"Northern Central region, the Central Coast, Central Highlands",,Yes,2,1,,No,,,No,,,1,0,1,19949500000
"Northern Central region, the Central Coast, Central Highlands",30,No,,,,Yes,2,,No,,,2,2,0,88549000000
"Northern Central region, the Central Coast, Central Highlands",,Yes,2,1,,No,,,No,,,2,0,0,113689082000
"Northern Central region, the Central Coast, Central Highlands",,No,,,,No,,,No,,,1,0,0,20902000000
"Northern Central region, the Central Coast, Central Highlands",,Yes,3,1,,No,,,No,,,3,0,0,6472724000
"Northern Central region, the Central Coast, Central Highlands",,No,,,,No,,,No,,,0,0,0,472491935000
"Northern Central region, the Central Coast, Central Highlands",,Yes,4,1,,No,,,No,,,2,0,0,3245737000
"Northern Central region, the Central Coast, Central Highlands",,No,,,,No,,,No,,,1,0,0,989719000
"Northern Central region, the Central Coast, Central Highlands",,No,,,,No,,,No,,,0,0,0,1744166000
"Northern Central region, the Central Coast, Central Highlands",,Yes,3,1,,No,,,No,,,2,0,1,35904329000
"Northern Central region, the Central Coast, Central Highlands",,Yes,2,1,,No,,,No,,,2,0,0,7552664000
"Northern Central region, the Central Coast, Central Highlands",,Yes,1,30,1,No,,2,No,,,4,2,1,10000000000
"Northern Central region, the Central Coast, Central Highlands",,,,,,Yes,65,,No,,,0,0,0,4559810000
"Northern Central region, the Central Coast, Central Highlands",,Yes,3,1,,No,,,No,,,3,0,0,302317979000
"Northern Central region, the Central Coast, Central Highlands",,Yes,3,1,,No,,,No,,,3,1,0,5280884000000
"Northern Central region, the Central Coast, Central Highlands",,Yes,2,1,,No,,,No,,,0,1,1,83692621000
"Northern Central region, the Central Coast, Central Highlands",,Yes,2,1,,No,,,No,,,3,0,0,3300000000
"Northern Central region, the Central Coast, Central Highlands",,Yes,2,1,,No,,,No,,,2,0,1,84162657000
"Northern Central region, the Central Coast, Central Highlands",,No,,,,No,,,No,,,0,0,,1513232000
"Northern Central region, the Central Coast, Central Highlands",,Yes,5,1,,No,,,No,,,3,0,1,49926839000
"Northern Central region, the Central Coast, Central Highlands",,No,,,,No,,,No,,,0,0,0,599583000
"Northern Central region, the Central Coast, Central Highlands",,Yes,1,1,,No,,,No,,,1,1,1,736497056000
"Northern Central region, the Central Coast, Central Highlands",,No,,,,No,,,No,,,0,1,1,316835059000
"Northern Central region, the Central Coast, Central Highlands",,No,,,,No,,,No,,,0,1,0,39172458000
"Northern Central region, the Central Coast, Central Highlands",,No,,,,No,,,No,,,0,0,0,840345000
"Northern Central region, the Central Coast, Central Highlands",,No,,,,Yes,50,,No,,,0,1,1,251178745000
"Northern Central region, the Central Coast, Central Highlands",,No,,,,No,,,No,,,0,0,0,3141038000
"Northern Central region, the Central Coast, Central Highlands",,No,,,,No,,,No,,,0,0,0,3752708000
"Northern Central region, the Central Coast, Central Highlands",,No,,,,No,,,No,,,0,0,1,11056091000
"Northern Central region, the Central Coast, Central Highlands",,No,,,,No,,,No,,,0,0,0,7995798000
"Northern Central region, the Central Coast, Central Highlands",,No,,,,No,,,No,,,2,0,0,920390000
"Northern Central region, the Central Coast, Central Highlands",,No,,,,No,,,No,,,3,0,0,2441509000
"Northern Central region, the Central Coast, Central Highlands",,Yes,1,178,2,No,,,No,,,0,0,0,141752000
"Northern Central region, the Central Coast, Central Highlands",,Yes,0,,,Yes,1,,No,,,3,3,3,138000000000
"Northern Central region, the Central Coast, Central Highlands",,No,,,,No,,,No,,,0,0,0,20000000000
"Northern Central region, the Central Coast, Central Highlands",,No,,,,No,,,No,,,0,0,0,198724642000
"Northern Central region, the Central Coast, Central Highlands",,No,,,,No,,,No,,,0,0,0,4250050000
"Northern Central region, the Central Coast, Central Highlands",,No,,,,No,,,No,,,0,0,0,3600000000
"Northern Central region, the Central Coast, Central Highlands",,No,,,,No,,,No,,,0,0,0,9700000000
"Northern Central region, the Central Coast, Central Highlands",15,Yes,0,,,Yes,1,1,No,,,2,2,1,1600000000000
"Northern Central region, the Central Coast, Central Highlands",,No,,,,No,,,No,,,0,0,0,10000000000
"Northern Central region, the Central Coast, Central Highlands",,No,,,,No,,,No,,,0,3,0,15000000000
"Northern Central region, the Central Coast, Central Highlands",,Yes,0,,,Yes,,,No,,,0,0,0,5000000000
"Northern Central region, the Central Coast, Central Highlands",,No,,,,No,,,No,,,2,4,,350000000
"Northern Central region, the Central Coast, Central Highlands",,No,,,,No,,,No,,,0,0,1,8000000000
"Northern Central region, the Central Coast, Central Highlands",,No,,,,No,,,No,,,1,1,0,11000000000
"Northern Central region, the Central Coast, Central Highlands",,Yes,0,,,No,,,No,,,0,0,0,4000000000
"Northern Central region, the Central Coast, Central Highlands",,Yes,,,,Yes,,,No,,,0,2,,150000000000
"Northern Central region, the Central Coast, Central Highlands",,Yes,1,30,1,No,,,No,,,4,0,0,6000000000
Southeast,,Yes,2,30,,No,,,No,,,3,1,3,192943000000
Southeast,,Yes,,,,Yes,80,,No,,,2,2,2,330319651000
Southeast,,Yes,1,470,,Yes,60,,No,,,1,1,,300201200000
Southeast,3,Yes,1,485,,Yes,60,3,No,,,1,1,2,20684407000000
Southeast,,No,,,,No,,,No,,,3,0,1,1126000000
Southeast,,Yes,1,485,,Yes,80,,No,,,3,2,2,91004924000
Southeast,,Yes,1,500,,No,,,No,,,2,1,0,42819783000
Southeast,,Yes,2,120,,No,,,No,,,0,0,0,28177000000
Southeast,,Yes,1,485,,No,,,No,,,1,1,1,49171464000
Southeast,,No,,,,No,,,No,,,0,0,0,440000000
Southeast,,Yes,1,130,,Yes,80,,No,,,3,2,1,2738258000000
Southeast,,Yes,1,90,,No,,,No,,,0,2,2,94580000000
Southeast,,No,,,,No,,,No,,,0,0,0,38391108000
Southeast,,Yes,1,150,,Yes,1,,No,,,0,1,1,1593198000000
Southeast,,Yes,1,210,,No,,,No,,,0,1,,16612526000
Southeast,,Yes,,,,No,,,No,,,3,0,0,4650000000
Southeast,,Yes,1,180,,No,,,No,,,1,1,0,36990000000
Southeast,,No,,,,No,,,No,,,1,0,0,13878647000
Southeast,,No,,,,No,,,No,,,0,0,0,2276831000
Southeast,,No,,,,No,,,No,,,3,1,,9563821000
Southeast,,No,,,,No,,,No,,,0,0,0,5799807000
Southeast,,Yes,1,50,,No,,,No,,,0,1,1,15472000000
Southeast,,No,,,,No,,,No,,,0,0,,15093229000
Southeast,1,Yes,1,322,,No,,,No,,,4,3,2,1569290000
Southeast,,Yes,2,5,,Yes,2,,No,,,0,2,0,5536141000
Southeast,,Yes,2,5,,Yes,2,,No,,,0,2,0,4723143000
Southeast,,Yes,1,5,,Yes,2,,No,,,0,1,0,253444705000
Southeast,,Yes,2,5,,Yes,3,,No,,,0,0,0,12546809000
Southeast,,Yes,1,5,,Yes,2,,No,,,0,0,0,84590932000
Southeast,,Yes,1,10,,Yes,2,,No,,,0,0,0,234362609000
Southeast,,Yes,1,15,,Yes,6,,No,,,0,0,0,77999265000
Southeast,,Yes,1,10,,Yes,2,,No,,,0,0,0,182565453000
Southeast,,Yes,2,10,,Yes,2,,No,,,0,0,0,160105592000
Southeast,,Yes,1,10,,Yes,1,,No,,,0,0,0,175971911000
Southeast,,Yes,1,10,,Yes,2,,No,,,0,0,0,98772710000
Southeast,,Yes,2,5,,Yes,2,,No,,,0,0,0,16647372000
Southeast,,Yes,1,1,,Yes,1,,No,,,0,0,0,465211964000
Southeast,,Yes,2,5,,Yes,2,,No,,,0,1,0,222886001000
Southeast,,Yes,1,5,,Yes,2,,No,,,0,0,0,11976591000
Southeast,,Yes,2,10,,Yes,2,,No,,,0,0,0,33018359000
Southeast,,Yes,1,6,,Yes,2,,No,,,0,1,0,7681399000
Southeast,,No,,,,No,,,No,,,0,0,0,4438486000
Southeast,,Yes,1,15,,Yes,5,,No,,,1,1,,11118148000
Southeast,,Yes,1,5,,Yes,1,,No,,,0,1,0,2848667000
Southeast,,Yes,1,5,,Yes,1,,No,,,0,0,0,4473318000
Southeast,,Yes,1,10,,Yes,1,,No,,,0,0,0,1189614841000
Southeast,,Yes,1,5,,Yes,1,,No,,,0,2,0,106000000
Southeast,,Yes,1,10,,Yes,1,,No,,,0,0,0,130747660000
Southeast,,Yes,1,5,,Yes,1,,No,,,,2,0,34330377000
Southeast,,Yes,2,5,,Yes,2,,No,,,0,0,0,436440000
Southeast,,Yes,1,5,,Yes,2,,No,,,0,0,0,273593632000
Southeast,,Yes,0,,,Yes,,,No,,,1,4,4,800000000000
"Northern Central region, the Central Coast, Central Highlands",,Yes,2,241,,Yes,5,,No,,,0,0,0,290815867000
"Northern Central region, the Central Coast, Central Highlands",,No,,,,No,,,No,,,0,1,0,56094791000
"Northern Central region, the Central Coast, Central Highlands",,No,,,,Yes,20,,No,,,0,0,0,404537873000
"Northern Central region, the Central Coast, Central Highlands",,No,,,,No,,,No,,,0,1,1,61203180000
"Northern Central region, the Central Coast, Central Highlands",10,No,,,,No,,10,No,,,1,2,2,3834000000
"Northern Central region, the Central Coast, Central Highlands",10,Yes,1,5,,No,,9,No,,,0,1,2,54203545000
"Northern Central region, the Central Coast, Central Highlands",,No,,,,No,,,No,,,1,1,0,15541408000
"Northern Central region, the Central Coast, Central Highlands",,No,,,,No,,,No,,,0,0,0,10036287000
"Northern Central region, the Central Coast, Central Highlands",,No,,,,No,,,No,,,1,1,0,17855632000
"Northern Central region, the Central Coast, Central Highlands",,No,,,,No,,,No,,,0,1,0,1818181000
"Northern Central region, the Central Coast, Central Highlands",,No,,,,No,,,No,,,0,0,,3074719000
"Northern Central region, the Central Coast, Central Highlands",,Yes,2,240,,No,,,No,,,0,0,0,27594765000
"Northern Central region, the Central Coast, Central Highlands",,No,,,,No,,,No,,,3,2,1,887749752000
"Northern Central region, the Central Coast, Central Highlands",,No,,,,Yes,2,,No,,,0,0,0,1789381000
"Northern Central region, the Central Coast, Central Highlands",,No,,,,No,,30,No,,,0,0,0,3878271000
"Northern Central region, the Central Coast, Central Highlands",,No,,,,No,,,No,,,0,1,0,2967616000
"Northern Central region, the Central Coast, Central Highlands",5,No,,,,No,,,No,,,0,0,0,8827056000
"Northern Central region, the Central Coast, Central Highlands",,Yes,0,,,No,,,No,,,2,0,0,1500000000
"Northern Central region, the Central Coast, Central Highlands",,Yes,4,600,,No,,,No,,,3,0,3,5999000000
"Northern Central region, the Central Coast, Central Highlands",,No,,,,No,,,No,,,0,0,0,265233324000
Northern Midlands and Mountains,,Yes,2,30,2,Yes,50,,No,,,3,1,0,1253461000000
Northern Midlands and Mountains,,No,,,,No,,,No,,,1,1,2,1053051484000
Northern Midlands and Mountains,,No,,,,No,,,No,,,3,3,3,4836111000000
Northern Midlands and Mountains,,Yes,2,30,,No,,,No,,,0,0,0,234475021000
Northern Midlands and Mountains,,Yes,3,480,3,No,,,No,,,2,2,1,16000000000
Northern Midlands and Mountains,2,No,,,,No,,,No,,,3,0,1,1462874000
Northern Midlands and Mountains,,Yes,0,,,No,,,No,,,1,0,0,6000000000
Northern Midlands and Mountains,,Yes,0,,,Yes,,,No,,,1,0,0,1800000000000
Northern Midlands and Mountains,,Yes,4,60,,Yes,5,,No,,,3,3,3,2000000000
Northern Midlands and Mountains,,Yes,,,,Yes,5,,No,,,4,4,4,120000000000
Northern Midlands and Mountains,7,Yes,2,30,1,No,,7,No,,,3,2,,12000000000
Northern Midlands and Mountains,,Yes,1,181,,No,,,No,,,1,0,1,9674924000
Northern Midlands and Mountains,,Yes,,,,No,,,No,,,3,0,0,8814897000
Northern Midlands and Mountains,,Yes,0,,,No,,30,No,,,2,0,0,148000000000
Northern Midlands and Mountains,,Yes,2,40,,Yes,70,,No,,,1,1,0,55143202000
Northern Midlands and Mountains,,No,,,,No,,,No,,,3,3,2,233843126000
Northern Midlands and Mountains,,Yes,,,4,No,,,No,,,3,0,0,4727285000
Northern Midlands and Mountains,,Yes,1,60,3,No,,,No,,,1,2,1,3200000000
Northern Midlands and Mountains,,Yes,,,,No,,,No,,,1,1,0,6320788000
Northern Midlands and Mountains,,Yes,1,61,,No,,,No,,,1,0,0,18065035000
Northern Midlands and Mountains,,Yes,10,,,,,,No,,,2,2,0,10000000000
Northern Midlands and Mountains,,No,,,,No,,,No,,,2,0,0,23538830000
Northern Midlands and Mountains,2,Yes,5,61,5,No,,,No,,,1,1,0,24536900000
Northern Midlands and Mountains,,No,,,,Yes,80,,No,,,3,3,3,
Northern Midlands and Mountains,,Yes,,,,Yes,60,,No,,,3,3,2,110745640000
Northern Midlands and Mountains,7,Yes,1,360,1,Yes,10,3,No,,,2,3,3,10000000000
Northern Midlands and Mountains,,Yes,1,60,,Yes,1,,No,,,0,0,0,120000000000
Northern Midlands and Mountains,,Yes,1,45,2,No,,,No,,,3,2,1,25587693000
Northern Midlands and Mountains,,No,,,,No,,,No,,,2,0,0,470442600000
Northern Midlands and Mountains,,Yes,7,1800,1,Yes,5,,No,,,1,0,0,354816085000
Northern Midlands and Mountains,,Yes,0,,1,Yes,5,,No,,,2,3,2,240000000000
Northern Midlands and Mountains,,Yes,1,60,5,No,,,No,,,3,2,2,50000000000
Northern Midlands and Mountains,,Yes,1,110,1,Yes,10,,No,,,3,4,2,10000000000
Northern Midlands and Mountains,,Yes,0,,,No,,,No,,,2,3,2,7000000000
Northern Midlands and Mountains,,No,,,,No,,,No,,,0,0,0,5557000000
Northern Midlands and Mountains,7,No,,,,No,,7,No,,,0,0,0,62500000000
Northern Midlands and Mountains,3,Yes,1,480,,No,,3,No,,,0,3,,350000000000
Northern Midlands and Mountains,,Yes,0,,,Yes,,,No,,,2,0,0,62000000000
Northern Midlands and Mountains,5,Yes,1,240,,No,,,No,,,3,0,,17000000000
Northern Midlands and Mountains,,Yes,,,,No,,,No,,,2,1,,60000000000
Northern Midlands and Mountains,,No,,,,No,,,No,,,0,0,0,1800000000
Northern Midlands and Mountains,,Yes,0,,,Yes,0,,No,,,0,0,0,205000000000
Northern Midlands and Mountains,,Yes,0,,,Yes,0,,No,,,4,0,0,238000000000
Northern Midlands and Mountains,,Yes,1,60,,Yes,,,No,,,4,2,0,50000000000
Northern Midlands and Mountains,,Yes,0,,,Yes,0,,No,,,0,2,1,2013110000000
Northern Midlands and Mountains,3,Yes,0,,,Yes,0,,No,,,2,4,2,127998000000
Northern Midlands and Mountains,5,Yes,0,,,No,,3,No,,,0,1,1,394000000000
Northern Midlands and Mountains,2,Yes,0,,,No,,1,No,,,3,0,0,5000000000
Northern Midlands and Mountains,,Yes,2,720,,No,,,No,,,2,2,2,7000000000
Northern Midlands and Mountains,,Yes,1,240,,No,,,No,,,1,0,0,2100000000
Northern Midlands and Mountains,,Yes,1,120,1,Yes,10,,No,,,2,1,0,32000000000
Northern Midlands and Mountains,,Yes,1,300,1,Yes,5,,No,,,3,3,3,100000000000
Northern Midlands and Mountains,,Yes,0,,,No,,,No,,,0,2,0,17000000000
Northern Midlands and Mountains,60,No,,,,Yes,20,10,No,,,0,3,0,30000000000
Northern Midlands and Mountains,,No,,,,No,,,No,,,2,2,,15000000000
Northern Midlands and Mountains,3,Yes,0,,,No,,4,No,,,1,1,0,47000000000
Red River Delta,,No,,,,No,,,No,,,3,0,0,194140595000
Red River Delta,,Yes,1,301,5,No,,,No,,,3,1,0,174716587000
Red River Delta,,No,,,,No,,,No,,,3,0,0,10997686000000
Red River Delta,,Yes,1,1,,Yes,1,,No,,,3,1,0,27719510000
Red River Delta,,No,,,,No,,,No,,,3,1,,4955841000
Red River Delta,1,Yes,1,120,1,No,,,No,,,3,0,0,202847105000
Red River Delta,,No,,,,No,,,No,,,2,0,0,30323253000
Red River Delta,,No,,,,No,,,No,,,,1,1,69541715000
Red River Delta,,No,,,,No,,,No,,,1,,,34309699000
Red River Delta,,No,,,,No,,,No,,,0,2,0,4913167000
Red River Delta,,No,,,,No,,,No,,,2,0,0,44390607000
Red River Delta,,No,,,,No,,,No,,,1,1,0,5493819000
Red River Delta,,No,,,,No,,,No,,,0,0,0,29713880000
Red River Delta,,No,,,,No,,,No,,,0,3,,46182894000
Red River Delta,,No,,,,No,,,No,,,3,1,1,6630399000
Red River Delta,,No,,,,No,,,No,,,1,1,0,32005813000
Red River Delta,,No,,,,No,,,No,,,0,1,2,7612126000
Red River Delta,,No,,,,No,,,No,,,3,0,0,19586777000
Red River Delta,,No,,,,No,,,No,,,3,0,0,309575000
Red River Delta,,No,,,,No,,,No,,,3,0,0,52809591000
Red River Delta,10,Yes,2,301,7,Yes,5,,No,,,3,1,2,4451695000
Red River Delta,,Yes,1,1,,No,,,No,,,0,2,0,6354287000
"Northern Central region, the Central Coast, Central Highlands",,Yes,0,,0,Yes,30,,Yes,15,3,3,1,1,81000000000
"Northern Central region, the Central Coast, Central Highlands",,Yes,,,,No,,,No,,,3,2,2,27000000000
"Northern Central region, the Central Coast, Central Highlands",,No,,,,No,,,No,,,0,0,0,1000060000
"Northern Central region, the Central Coast, Central Highlands",,No,,,,No,,,No,,,0,0,0,21110152000
"Northern Central region, the Central Coast, Central Highlands",,No,,,,No,,,No,,,0,0,0,275000000000
"Northern Central region, the Central Coast, Central Highlands",,No,,,,No,,,No,,,0,0,0,2500000000000
"Northern Central region, the Central Coast, Central Highlands",,No,,,,No,,,No,,,0,0,0,1000000000
"Northern Central region, the Central Coast, Central Highlands",,No,,,,No,,,No,,,0,0,0,6000000000
"Northern Central region, the Central Coast, Central Highlands",,Yes,0,,,Yes,90,,No,,,1,3,2,380000000000
Northern Midlands and Mountains,,Yes,0,,,Yes,1,,No,,,0,1,0,60000000000
Northern Midlands and Mountains,30,Yes,1,300,,Yes,5,7,No,,,1,1,1,238000000000
